Workbook

Sheet D4-UASB daughter reactors envir
A1: Date | B1: Day | C1: SampleID | D1: Temp | E1: pH | F1: ORP | G1: EC | H1: Alkalinity (mg CaCO3/L) | I1: Formate (mg/L) | J1: Acetate (mg/L) | K1: Propionate (mg/L) | L1: Isobutyrate (mg/L) | M1: Butyrate (mg/L) | N1: Isovalerate (mg/L) | O1: Caculate COD (mg/L) | P1: Measured COD (mg/L) | Q1: Calculated COD/Measured COD (mg/L) | R1: Calculated COD removal (%) | S1: Measured COD removal (%) | T1: Gas production (L/day) | U1: H2(%) | V1: N2(%) | W1: CH4(%) | X1: CO2(%) | Y1: DNA Concentration (ng/uL) | Z1: SS in reactor | AA1: SS in effluent | AB1: HRT (day) | AC1: COD Loading (g-COD/L/day) | AD1: CH4 Production (L/day) | AE1: Methane yield(L-CH4/g-COD) | AF1: Methane yield normalized by carbon input(L-CH4/g-COD)
A2: 44836 | B2: 1 | C2: Daughter4_D001 | D2: =IF('[1]env-PLC'!S5="","",'[1]env-PLC'!S5) -> 33.235294 | E2: =IF('[1]env-PLC'!T5="","",'[1]env-PLC'!T5) -> 6.5276471 | F2: =IF('[1]env-PLC'!U5="","",'[1]env-PLC'!U5) -> -432 | G2: =IF('[1]env-PLC'!V5="","",'[1]env-PLC'!V5) -> 3.71 | H2: =IF([1]鹼度!L5="","",[1]鹼度!L5) -> 1407.7 | I2: =IF([1]HPLC!CH5="","",[1]HPLC!CH5) -> 0.016713917 | J2: =IF([1]HPLC!CI5="","",[1]HPLC!CI5) -> 76.322065 | K2: =IF([1]HPLC!CJ5="","",[1]HPLC!CJ5) -> 54.017558 | L2: =IF([1]HPLC!CK5="","",[1]HPLC!CK5) -> 7.4615624 | M2: =IF([1]HPLC!CL5="","",[1]HPLC!CL5) -> 0 | N2: =IF([1]HPLC!CM5="","",[1]HPLC!CM5) -> 6.1325953 | O2: =IF([1]HPLC!CN5="","",[1]HPLC!CN5) -> 189.32751 | P2: =IF([1]HPLC!CO5="","",[1]HPLC!CO5) -> 350 | ... S2: =IF([1]HPLC!CR5="","",[1]HPLC!CR5) -> 84.375 | T2: =IF([1]氣體產量!AC5="","",[1]氣體產量!AC5) -> 1.0714626 | U2: =IF('[1]GC-TCD'!BU5="","",'[1]GC-TCD'!BU5) -> 0 | V2: =IF('[1]GC-TCD'!BV5="","",'[1]GC-TCD'!BV5) -> 27.213882 | W2: =IF('[1]GC-TCD'!BW5="","",'[1]GC-TCD'!BW5) -> 53.30119 | X2: =IF('[1]GC-TCD'!BX5="","",'[1]GC-TCD'!BX5) -> 19.484929 | Y2: 299.54 | Z2: =IF([1]SS!AB5="","",[1]SS!AB5) -> 10250 | AA2: =IF([1]SS!AG5="","",[1]SS!AG5) -> 300 | AB2: =IF([1]流量!AF5="","",[1]流量!AF5) -> 2 | AC2: =IF([1]流量!AN5="","",[1]流量!AN5) -> 1.12 | AD2: =IF([1]氣體產量!AH5="","",[1]氣體產量!AH5) -> 0.57110233 | AE2: =IF([1]methane_yield!W5="","",[1]methane_yield!W5) -> 0.15914008 | AF2: =IF([1]methane_yield!AA5="","",[1]methane_yield!AA5) -> 0.15914008
A3: 44837 | B3: 2 | C3: Daughter4_D002 | D3: =IF('[1]env-PLC'!S6="","",'[1]env-PLC'!S6) -> 33.09 | E3: =IF('[1]env-PLC'!T6="","",'[1]env-PLC'!T6) -> 6.51 | F3: =IF('[1]env-PLC'!U6="","",'[1]env-PLC'!U6) -> -434.09 | G3: =IF('[1]env-PLC'!V6="","",'[1]env-PLC'!V6) -> 4.82 | H3: =IF([1]鹼度!L6="","",[1]鹼度!L6) -> 1482.35 | I3: =IF([1]HPLC!CH6="","",[1]HPLC!CH6) -> 0.31749032 | J3: =IF([1]HPLC!CI6="","",[1]HPLC!CI6) -> 50.283254 | K3: =IF([1]HPLC!CJ6="","",[1]HPLC!CJ6) -> 33.768276 | L3: =IF([1]HPLC!CK6="","",[1]HPLC!CK6) -> 3.9579766 | M3: =IF([1]HPLC!CL6="","",[1]HPLC!CL6) -> 0 | N3: =IF([1]HPLC!CM6="","",[1]HPLC!CM6) -> 3.7133404 | O3: =IF([1]HPLC!CN6="","",[1]HPLC!CN6) -> 119.68303 | P3: =IF([1]HPLC!CO6="","",[1]HPLC!CO6) -> 140 | ... S3: =IF([1]HPLC!CR6="","",[1]HPLC!CR6) -> 93.75 | T3: =IF([1]氣體產量!AC6="","",[1]氣體產量!AC6) -> 0.67191991 | U3: =IF('[1]GC-TCD'!BU6="","",'[1]GC-TCD'!BU6) -> 0 | V3: =IF('[1]GC-TCD'!BV6="","",'[1]GC-TCD'!BV6) -> 23.040468 | W3: =IF('[1]GC-TCD'!BW6="","",'[1]GC-TCD'!BW6) -> 54.589767 | X3: =IF('[1]GC-TCD'!BX6="","",'[1]GC-TCD'!BX6) -> 22.369765 | Y3: 274.517 | Z3: =IF([1]SS!AB6="","",[1]SS!AB6) -> 8500 | AA3: =IF([1]SS!AG6="","",[1]SS!AG6) -> 180 | AB3: =IF([1]流量!AF6="","",[1]流量!AF6) -> 2.0434996 | AC3: =IF([1]流量!AN6="","",[1]流量!AN6) -> 1.0775596 | AD3: =IF([1]氣體產量!AH6="","",[1]氣體產量!AH6) -> 0.36679951 | AE3: =IF([1]methane_yield!W6="","",[1]methane_yield!W6) -> 0.098853013 | AF3: =IF([1]methane_yield!AA6="","",[1]methane_yield!AA6) -> 0.1027464
A4: 44838 | B4: 3 | C4: Daughter4_D003 | D4: =IF('[1]env-PLC'!S7="","",'[1]env-PLC'!S7) -> 33.45 | E4: =IF('[1]env-PLC'!T7="","",'[1]env-PLC'!T7) -> 6.47 | F4: =IF('[1]env-PLC'!U7="","",'[1]env-PLC'!U7) -> -435.88 | G4: =IF('[1]env-PLC'!V7="","",'[1]env-PLC'!V7) -> 5.64 | H4: =IF([1]鹼度!L7="","",[1]鹼度!L7) -> 1508.65 | I4: =IF([1]HPLC!CH7="","",[1]HPLC!CH7) -> 1.2088367 | J4: =IF([1]HPLC!CI7="","",[1]HPLC!CI7) -> 30.488843 | K4: =IF([1]HPLC!CJ7="","",[1]HPLC!CJ7) -> 16.117742 | L4: =IF([1]HPLC!CK7="","",[1]HPLC!CK7) -> 2.531597 | M4: =IF([1]HPLC!CL7="","",[1]HPLC!CL7) -> 0 | N4: =IF([1]HPLC!CM7="","",[1]HPLC!CM7) -> 1.4354748 | O4: =IF([1]HPLC!CN7="","",[1]HPLC!CN7) -> 64.91982 | P4: =IF([1]HPLC!CO7="","",[1]HPLC!CO7) -> 180 | ... S4: =IF([1]HPLC!CR7="","",[1]HPLC!CR7) -> 91.964286 | T4: =IF([1]氣體產量!AC7="","",[1]氣體產量!AC7) -> 0.67823097 | U4: =IF('[1]GC-TCD'!BU7="","",'[1]GC-TCD'!BU7) -> 0 | V4: =IF('[1]GC-TCD'!BV7="","",'[1]GC-TCD'!BV7) -> 19.79468 | W4: =IF('[1]GC-TCD'!BW7="","",'[1]GC-TCD'!BW7) -> 55.816543 | X4: =IF('[1]GC-TCD'!BX7="","",'[1]GC-TCD'!BX7) -> 24.388777 | Y4: 252.628 | Z4: =IF([1]SS!AB7="","",[1]SS!AB7) -> 11000 | AA4: =IF([1]SS!AG7="","",[1]SS!AG7) -> 160 | AB4: =IF([1]流量!AF7="","",[1]流量!AF7) -> 2.0463976 | AC4: =IF([1]流量!AN7="","",[1]流量!AN7) -> 1.1093936 | AD4: =IF([1]氣體產量!AH7="","",[1]氣體產量!AH7) -> 0.37856508 | AE4: =IF([1]methane_yield!W7="","",[1]methane_yield!W7) -> 0.099455139 | AF4: =IF([1]methane_yield!AA7="","",[1]methane_yield!AA7) -> 0.10040598
A5: 44839 | B5: 4 | C5: Daughter4_D004 | D5: =IF('[1]env-PLC'!S8="","",'[1]env-PLC'!S8) -> 33.02 | E5: =IF('[1]env-PLC'!T8="","",'[1]env-PLC'!T8) -> 6.47 | F5: =IF('[1]env-PLC'!U8="","",'[1]env-PLC'!U8) -> -436.88 | G5: =IF('[1]env-PLC'!V8="","",'[1]env-PLC'!V8) -> 6.15 | H5: =IF([1]鹼度!L8="","",[1]鹼度!L8) -> 1536.65 | I5: =IF([1]HPLC!CH8="","",[1]HPLC!CH8) -> 1.9209896 | J5: =IF([1]HPLC!CI8="","",[1]HPLC!CI8) -> 15.781258 | K5: =IF([1]HPLC!CJ8="","",[1]HPLC!CJ8) -> 6.0256627 | L5: =IF([1]HPLC!CK8="","",[1]HPLC!CK8) -> 0 | M5: =IF([1]HPLC!CL8="","",[1]HPLC!CL8) -> 0 | N5: =IF([1]HPLC!CM8="","",[1]HPLC!CM8) -> 0 | O5: =IF([1]HPLC!CN8="","",[1]HPLC!CN8) -> 26.657044 | P5: =IF([1]HPLC!CO8="","",[1]HPLC!CO8) -> 60 | ... S5: =IF([1]HPLC!CR8="","",[1]HPLC!CR8) -> 97.321429 | T5: =IF([1]氣體產量!AC8="","",[1]氣體產量!AC8) -> 0.67110432 | U5: =IF('[1]GC-TCD'!BU8="","",'[1]GC-TCD'!BU8) -> 0 | V5: =IF('[1]GC-TCD'!BV8="","",'[1]GC-TCD'!BV8) -> 16.842283 | W5: =IF('[1]GC-TCD'!BW8="","",'[1]GC-TCD'!BW8) -> 57.791113 | X5: =IF('[1]GC-TCD'!BX8="","",'[1]GC-TCD'!BX8) -> 25.366604 | Y5: 278.217 | Z5: =IF([1]SS!AB8="","",[1]SS!AB8) -> 9500 | AA5: =IF([1]SS!AG8="","",[1]SS!AG8) -> 160 | AB5: =IF([1]流量!AF8="","",[1]流量!AF8) -> 2.0499109 | AC5: =IF([1]流量!AN8="","",[1]流量!AN8) -> 1.1268635 | AD5: =IF([1]氣體產量!AH8="","",[1]氣體產量!AH8) -> 0.38783866 | AE5: =IF([1]methane_yield!W8="","",[1]methane_yield!W8) -> 0.10013003 | AF5: =IF([1]methane_yield!AA8="","",[1]methane_yield!AA8) -> 0.099520154
A6: 44840 | B6: 5 | C6: Daughter4_D005 | D6: =IF('[1]env-PLC'!S9="","",'[1]env-PLC'!S9) -> 32.98 | E6: =IF('[1]env-PLC'!T9="","",'[1]env-PLC'!T9) -> 6.47 | F6: =IF('[1]env-PLC'!U9="","",'[1]env-PLC'!U9) -> -438.57 | G6: =IF('[1]env-PLC'!V9="","",'[1]env-PLC'!V9) -> 6.46 | H6: =IF([1]鹼度!L9="","",[1]鹼度!L9) -> 1493.35 | I6: =IF([1]HPLC!CH9="","",[1]HPLC!CH9) -> 1.1841289 | J6: =IF([1]HPLC!CI9="","",[1]HPLC!CI9) -> 29.533425 | K6: =IF([1]HPLC!CJ9="","",[1]HPLC!CJ9) -> 15.04093 | L6: =IF([1]HPLC!CK9="","",[1]HPLC!CK9) -> 2.1467586 | M6: =IF([1]HPLC!CL9="","",[1]HPLC!CL9) -> 0 | N6: =IF([1]HPLC!CM9="","",[1]HPLC!CM9) -> 0 | O6: =IF([1]HPLC!CN9="","",[1]HPLC!CN9) -> 58.634114 | P6: =IF([1]HPLC!CO9="","",[1]HPLC!CO9) -> 80 | ... S6: =IF([1]HPLC!CR9="","",[1]HPLC!CR9) -> 96.428571 | T6: =IF([1]氣體產量!AC9="","",[1]氣體產量!AC9) -> 0.68143592 | U6: =IF('[1]GC-TCD'!BU9="","",'[1]GC-TCD'!BU9) -> 0 | V6: =IF('[1]GC-TCD'!BV9="","",'[1]GC-TCD'!BV9) -> 18.336825 | W6: =IF('[1]GC-TCD'!BW9="","",'[1]GC-TCD'!BW9) -> 57.388033 | X6: =IF('[1]GC-TCD'!BX9="","",'[1]GC-TCD'!BX9) -> 24.275141 | Y6: 288.292 | Z6: =IF([1]SS!AB9="","",[1]SS!AB9) -> 12500 | AA6: =IF([1]SS!AG9="","",[1]SS!AG9) -> 136.66667 | AB6: =IF([1]流量!AF9="","",[1]流量!AF9) -> 2.0901477 | AC6: =IF([1]流量!AN9="","",[1]流量!AN9) -> 1.1055186 | AD6: =IF([1]氣體產量!AH9="","",[1]氣體產量!AH9) -> 0.39106267 | AE6: =IF([1]methane_yield!W9="","",[1]methane_yield!W9) -> 0.10244241 | AF6: =IF([1]methane_yield!AA9="","",[1]methane_yield!AA9) -> 0.10378433
A7: 44841 | B7: 6 | C7: Daughter4_D006 | D7: =IF('[1]env-PLC'!S10="","",'[1]env-PLC'!S10) -> 33.08 | E7: =IF('[1]env-PLC'!T10="","",'[1]env-PLC'!T10) -> 6.45 | F7: =IF('[1]env-PLC'!U10="","",'[1]env-PLC'!U10) -> -436.52 | G7: =IF('[1]env-PLC'!V10="","",'[1]env-PLC'!V10) -> 6.79 | H7: =IF([1]鹼度!L10="","",[1]鹼度!L10) -> 1537.65 | I7: =IF([1]HPLC!CH10="","",[1]HPLC!CH10) -> 1.2722994 | J7: =IF([1]HPLC!CI10="","",[1]HPLC!CI10) -> 27.38705 | K7: =IF([1]HPLC!CJ10="","",[1]HPLC!CJ10) -> 11.845076 | L7: =IF([1]HPLC!CK10="","",[1]HPLC!CK10) -> 2.1981373 | M7: =IF([1]HPLC!CL10="","",[1]HPLC!CL10) -> 0 | N7: =IF([1]HPLC!CM10="","",[1]HPLC!CM10) -> 0 | O7: =IF([1]HPLC!CN10="","",[1]HPLC!CN10) -> 51.636123 | P7: =IF([1]HPLC!CO10="","",[1]HPLC!CO10) -> 50 | ... S7: =IF([1]HPLC!CR10="","",[1]HPLC!CR10) -> 97.767857 | T7: =IF([1]氣體產量!AC10="","",[1]氣體產量!AC10) -> 0.69250084 | U7: =IF('[1]GC-TCD'!BU10="","",'[1]GC-TCD'!BU10) -> 0 | V7: =IF('[1]GC-TCD'!BV10="","",'[1]GC-TCD'!BV10) -> 16.366782 | W7: =IF('[1]GC-TCD'!BW10="","",'[1]GC-TCD'!BW10) -> 57.740063 | X7: =IF('[1]GC-TCD'!BX10="","",'[1]GC-TCD'!BX10) -> 25.893155 | Y7: 253.211 | Z7: =IF([1]SS!AB10="","",[1]SS!AB10) -> 11000 | AA7: =IF([1]SS!AG10="","",[1]SS!AG10) -> 133.33333 | AB7: =IF([1]流量!AF10="","",[1]流量!AF10) -> 2.065596 | AC7: =IF([1]流量!AN10="","",[1]流量!AN10) -> 1.1012511 | AD7: =IF([1]氣體產量!AH10="","",[1]氣體產量!AH10) -> 0.39985042 | AE7: =IF([1]methane_yield!W10="","",[1]methane_yield!W10) -> 0.10440949 | AF7: =IF([1]methane_yield!AA10="","",[1]methane_yield!AA10) -> 0.10618707
A8: 44842 | B8: 7 | C8: Daughter4_D007 | D8: =IF('[1]env-PLC'!S11="","",'[1]env-PLC'!S11) -> 33.01 | E8: =IF('[1]env-PLC'!T11="","",'[1]env-PLC'!T11) -> 6.41 | F8: =IF('[1]env-PLC'!U11="","",'[1]env-PLC'!U11) -> -433.9 | G8: =IF('[1]env-PLC'!V11="","",'[1]env-PLC'!V11) -> 7.88 | H8: =IF([1]鹼度!L11="","",[1]鹼度!L11) -> 1515.6 | I8: =IF([1]HPLC!CH11="","",[1]HPLC!CH11) -> 1.3309038 | J8: =IF([1]HPLC!CI11="","",[1]HPLC!CI11) -> 33.547344 | K8: =IF([1]HPLC!CJ11="","",[1]HPLC!CJ11) -> 15.858468 | L8: =IF([1]HPLC!CK11="","",[1]HPLC!CK11) -> 0 | M8: =IF([1]HPLC!CL11="","",[1]HPLC!CL11) -> 0 | N8: =IF([1]HPLC!CM11="","",[1]HPLC!CM11) -> 0.69136168 | O8: =IF([1]HPLC!CN11="","",[1]HPLC!CN11) -> 61.71814 | P8: =IF([1]HPLC!CO11="","",[1]HPLC!CO11) -> 120 | ... S8: =IF([1]HPLC!CR11="","",[1]HPLC!CR11) -> 94.642857 | T8: =IF([1]氣體產量!AC11="","",[1]氣體產量!AC11) -> 0.60963661 | U8: =IF('[1]GC-TCD'!BU11="","",'[1]GC-TCD'!BU11) -> 0 | V8: =IF('[1]GC-TCD'!BV11="","",'[1]GC-TCD'!BV11) -> 17.592345 | W8: =IF('[1]GC-TCD'!BW11="","",'[1]GC-TCD'!BW11) -> 58.235895 | X8: =IF('[1]GC-TCD'!BX11="","",'[1]GC-TCD'!BX11) -> 24.171761 | Y8: 242.671 | Z8: =IF([1]SS!AB11="","",[1]SS!AB11) -> 20500 | AA8: =IF([1]SS!AG11="","",[1]SS!AG11) -> 160 | AB8: =IF([1]流量!AF11="","",[1]流量!AF11) -> 2.0571983 | AC8: =IF([1]流量!AN11="","",[1]流量!AN11) -> 1.1909565 | AD8: =IF([1]氣體產量!AH11="","",[1]氣體產量!AH11) -> 0.35502734 | AE8: =IF([1]methane_yield!W11="","",[1]methane_yield!W11) -> 0.093134303 | AF8: =IF([1]methane_yield!AA11="","",[1]methane_yield!AA11) -> 0.087585414
A9: 44843 | B9: 8 | C9: Daughter4_D008 | D9: =IF('[1]env-PLC'!S12="","",'[1]env-PLC'!S12) -> 33.14 | E9: =IF('[1]env-PLC'!T12="","",'[1]env-PLC'!T12) -> 6.4 | F9: =IF('[1]env-PLC'!U12="","",'[1]env-PLC'!U12) -> -436.14 | G9: =IF('[1]env-PLC'!V12="","",'[1]env-PLC'!V12) -> 8.54 | H9: =IF([1]鹼度!L12="","",[1]鹼度!L12) -> 1470.25 | I9: =IF([1]HPLC!CH12="","",[1]HPLC!CH12) -> 1.4055391 | J9: =IF([1]HPLC!CI12="","",[1]HPLC!CI12) -> 49.846805 | K9: =IF([1]HPLC!CJ12="","",[1]HPLC!CJ12) -> 29.026232 | L9: =IF([1]HPLC!CK12="","",[1]HPLC!CK12) -> 1.9531952 | M9: =IF([1]HPLC!CL12="","",[1]HPLC!CL12) -> 0 | N9: =IF([1]HPLC!CM12="","",[1]HPLC!CM12) -> 0 | O9: =IF([1]HPLC!CN12="","",[1]HPLC!CN12) -> 101.21245 | P9: =IF([1]HPLC!CO12="","",[1]HPLC!CO12) -> 160 | ... S9: =IF([1]HPLC!CR12="","",[1]HPLC!CR12) -> 92.857143 | T9: =IF([1]氣體產量!AC12="","",[1]氣體產量!AC12) -> 0.61371526 | U9: =IF('[1]GC-TCD'!BU12="","",'[1]GC-TCD'!BU12) -> 0 | V9: =IF('[1]GC-TCD'!BV12="","",'[1]GC-TCD'!BV12) -> 18.741158 | W9: =IF('[1]GC-TCD'!BW12="","",'[1]GC-TCD'!BW12) -> 57.482601 | X9: =IF('[1]GC-TCD'!BX12="","",'[1]GC-TCD'!BX12) -> 23.776241 | Y9: 147.161 | Z9: =IF([1]SS!AB12="","",[1]SS!AB12) -> 6500 | AA9: =IF([1]SS!AG12="","",[1]SS!AG12) -> 112 | AB9: =IF([1]流量!AF12="","",[1]流量!AF12) -> 2.020202 | AC9: =IF([1]流量!AN12="","",[1]流量!AN12) -> 1.0412308 | AD9: =IF([1]氣體產量!AH12="","",[1]氣體產量!AH12) -> 0.35277949 | AE9: =IF([1]methane_yield!W12="","",[1]methane_yield!W12) -> 0.094253533 | AF9: =IF([1]methane_yield!AA12="","",[1]methane_yield!AA12) -> 0.10138382
A10: 44844 | B10: 9 | C10: Daughter4_D009 | D10: =IF('[1]env-PLC'!S13="","",'[1]env-PLC'!S13) -> 33.064 | E10: =IF('[1]env-PLC'!T13="","",'[1]env-PLC'!T13) -> 6.4068 | F10: =IF('[1]env-PLC'!U13="","",'[1]env-PLC'!U13) -> -436.08 | G10: =IF('[1]env-PLC'!V13="","",'[1]env-PLC'!V13) -> 9.13 | H10: =IF([1]鹼度!L13="","",[1]鹼度!L13) -> 1488.05 | I10: =IF([1]HPLC!CH13="","",[1]HPLC!CH13) -> 0 | J10: =IF([1]HPLC!CI13="","",[1]HPLC!CI13) -> 82.739229 | K10: =IF([1]HPLC!CJ13="","",[1]HPLC!CJ13) -> 64.678732 | L10: =IF([1]HPLC!CK13="","",[1]HPLC!CK13) -> 6.8497496 | M10: =IF([1]HPLC!CL13="","",[1]HPLC!CL13) -> 0 | N10: =IF([1]HPLC!CM13="","",[1]HPLC!CM13) -> 3.1479721 | O10: =IF([1]HPLC!CN13="","",[1]HPLC!CN13) -> 205.08427 | P10: =IF([1]HPLC!CO13="","",[1]HPLC!CO13) -> 350 | ... S10: =IF([1]HPLC!CR13="","",[1]HPLC!CR13) -> 84.375 | T10: =IF([1]氣體產量!AC13="","",[1]氣體產量!AC13) -> 0.49592768 | U10: =IF('[1]GC-TCD'!BU13="","",'[1]GC-TCD'!BU13) -> 0 | V10: =IF('[1]GC-TCD'!BV13="","",'[1]GC-TCD'!BV13) -> 28.323642 | W10: =IF('[1]GC-TCD'!BW13="","",'[1]GC-TCD'!BW13) -> 52.497832 | X10: =IF('[1]GC-TCD'!BX13="","",'[1]GC-TCD'!BX13) -> 19.178526 | Y10: 171.946 | Z10: =IF([1]SS!AB13="","",[1]SS!AB13) -> 6250 | AA10: =IF([1]SS!AG13="","",[1]SS!AG13) -> 96.666667 | AB10: =IF([1]流量!AF13="","",[1]流量!AF13) -> 2.1784727 | AC10: =IF([1]流量!AN13="","",[1]流量!AN13) -> 1.1299194 | AD10: =IF([1]氣體產量!AH13="","",[1]氣體產量!AH13) -> 0.26035128 | AE10: =IF([1]methane_yield!W13="","",[1]methane_yield!W13) -> 0.073109739 | AF10: =IF([1]methane_yield!AA13="","",[1]methane_yield!AA13) -> 0.072467922
A11: 44845 | B11: 10 | C11: Daughter4_D010 | D11: =IF('[1]env-PLC'!S14="","",'[1]env-PLC'!S14) -> 33.404545 | E11: =IF('[1]env-PLC'!T14="","",'[1]env-PLC'!T14) -> 6.39 | F11: =IF('[1]env-PLC'!U14="","",'[1]env-PLC'!U14) -> -411.68182 | G11: =IF('[1]env-PLC'!V14="","",'[1]env-PLC'!V14) -> 9.46 | H11: =IF([1]鹼度!L14="","",[1]鹼度!L14) -> 1458.15 | I11: =IF([1]HPLC!CH14="","",[1]HPLC!CH14) -> 0.70389763 | J11: =IF([1]HPLC!CI14="","",[1]HPLC!CI14) -> 114.0793 | K11: =IF([1]HPLC!CJ14="","",[1]HPLC!CJ14) -> 87.537464 | L11: =IF([1]HPLC!CK14="","",[1]HPLC!CK14) -> 5.0508005 | M11: =IF([1]HPLC!CL14="","",[1]HPLC!CL14) -> 1.5864197 | N11: =IF([1]HPLC!CM14="","",[1]HPLC!CM14) -> 5.374535 | O11: =IF([1]HPLC!CN14="","",[1]HPLC!CN14) -> 277.53658 | P11: =IF([1]HPLC!CO14="","",[1]HPLC!CO14) -> 140 | ... S11: =IF([1]HPLC!CR14="","",[1]HPLC!CR14) -> 93.75 | T11: =IF([1]氣體產量!AC14="","",[1]氣體產量!AC14) -> 0.38779163 | U11: =IF('[1]GC-TCD'!BU14="","",'[1]GC-TCD'!BU14) -> 0 | V11: =IF('[1]GC-TCD'!BV14="","",'[1]GC-TCD'!BV14) -> 20.98669 | W11: =IF('[1]GC-TCD'!BW14="","",'[1]GC-TCD'!BW14) -> 54.492749 | X11: =IF('[1]GC-TCD'!BX14="","",'[1]GC-TCD'!BX14) -> 24.520561 | Y11: 175.91 | Z11: =IF([1]SS!AB14="","",[1]SS!AB14) -> 14000 | AA11: =IF([1]SS!AG14="","",[1]SS!AG14) -> 116.66667 | AB11: =IF([1]流量!AF14="","",[1]流量!AF14) -> 2.095481 | AC11: =IF([1]流量!AN14="","",[1]流量!AN14) -> 1.0912821 | AD11: =IF([1]氣體產量!AH14="","",[1]氣體產量!AH14) -> 0.21131832 | AE11: =IF([1]methane_yield!W14="","",[1]methane_yield!W14) -> 0.061531503 | AF11: =IF([1]methane_yield!AA14="","",[1]methane_yield!AA14) -> 0.063150753
A12: 44846 | B12: 11 | C12: Daughter4_D011 | D12: =IF('[1]env-PLC'!S15="","",'[1]env-PLC'!S15) -> 33.068 | E12: =IF('[1]env-PLC'!T15="","",'[1]env-PLC'!T15) -> 6.398 | F12: =IF('[1]env-PLC'!U15="","",'[1]env-PLC'!U15) -> -423.8 | G12: =IF('[1]env-PLC'!V15="","",'[1]env-PLC'!V15) -> 9.89 | H12: =IF([1]鹼度!L15="","",[1]鹼度!L15) -> 1469.3 | I12: =IF([1]HPLC!CH15="","",[1]HPLC!CH15) -> 1.7578958 | J12: =IF([1]HPLC!CI15="","",[1]HPLC!CI15) -> 95.680474 | K12: =IF([1]HPLC!CJ15="","",[1]HPLC!CJ15) -> 76.563764 | L12: =IF([1]HPLC!CK15="","",[1]HPLC!CK15) -> 4.1673449 | M12: =IF([1]HPLC!CL15="","",[1]HPLC!CL15) -> 0 | N12: =IF([1]HPLC!CM15="","",[1]HPLC!CM15) -> 5.0622219 | O12: =IF([1]HPLC!CN15="","",[1]HPLC!CN15) -> 236.51615 | P12: =IF([1]HPLC!CO15="","",[1]HPLC!CO15) -> 310 | ... S12: =IF([1]HPLC!CR15="","",[1]HPLC!CR15) -> 86.160714 | T12: =IF([1]氣體產量!AC15="","",[1]氣體產量!AC15) -> 0.57353106 | U12: =IF('[1]GC-TCD'!BU15="","",'[1]GC-TCD'!BU15) -> 0 | V12: =IF('[1]GC-TCD'!BV15="","",'[1]GC-TCD'!BV15) -> 17.731095 | W12: =IF('[1]GC-TCD'!BW15="","",'[1]GC-TCD'!BW15) -> 56.98677 | X12: =IF('[1]GC-TCD'!BX15="","",'[1]GC-TCD'!BX15) -> 25.282135 | Y12: 190.419 | Z12: =IF([1]SS!AB15="","",[1]SS!AB15) -> 16000 | AA12: =IF([1]SS!AG15="","",[1]SS!AG15) -> 151.66667 | AB12: =IF([1]流量!AF15="","",[1]流量!AF15) -> 2.1128609 | AC12: =IF([1]流量!AN15="","",[1]流量!AN15) -> 1.0969317 | AD12: =IF([1]氣體產量!AH15="","",[1]氣體產量!AH15) -> 0.32683682 | AE12: =IF([1]methane_yield!W15="","",[1]methane_yield!W15) -> 0.093219568 | AF12: =IF([1]methane_yield!AA15="","",[1]methane_yield!AA15) -> 0.095179964
A13: 44847 | B13: 12 | C13: Daughter4_D012 | D13: =IF('[1]env-PLC'!S16="","",'[1]env-PLC'!S16) -> 33.908696 | E13: =IF('[1]env-PLC'!T16="","",'[1]env-PLC'!T16) -> 6.3908696 | F13: =IF('[1]env-PLC'!U16="","",'[1]env-PLC'!U16) -> -429.04348 | G13: =IF('[1]env-PLC'!V16="","",'[1]env-PLC'!V16) -> 10.98 | H13: =IF([1]鹼度!L16="","",[1]鹼度!L16) -> 1454 | I13: =IF([1]HPLC!CH16="","",[1]HPLC!CH16) -> 1.9116088 | J13: =IF([1]HPLC!CI16="","",[1]HPLC!CI16) -> 79.737808 | K13: =IF([1]HPLC!CJ16="","",[1]HPLC!CJ16) -> 63.596821 | L13: =IF([1]HPLC!CK16="","",[1]HPLC!CK16) -> 3.3640504 | M13: =IF([1]HPLC!CL16="","",[1]HPLC!CL16) -> 0 | N13: =IF([1]HPLC!CM16="","",[1]HPLC!CM16) -> 4.4853837 | O13: =IF([1]HPLC!CN16="","",[1]HPLC!CN16) -> 197.29247 | P13: =IF([1]HPLC!CO16="","",[1]HPLC!CO16) -> 250 | ... S13: =IF([1]HPLC!CR16="","",[1]HPLC!CR16) -> 88.839286 | T13: =IF([1]氣體產量!AC16="","",[1]氣體產量!AC16) -> 0.64599306 | U13: =IF('[1]GC-TCD'!BU16="","",'[1]GC-TCD'!BU16) -> 0 | V13: =IF('[1]GC-TCD'!BV16="","",'[1]GC-TCD'!BV16) -> 17.779846 | W13: =IF('[1]GC-TCD'!BW16="","",'[1]GC-TCD'!BW16) -> 57.218201 | X13: =IF('[1]GC-TCD'!BX16="","",'[1]GC-TCD'!BX16) -> 25.001953 | Y13: 198.209 | Z13: =IF([1]SS!AB16="","",[1]SS!AB16) -> 13750 | AA13: =IF([1]SS!AG16="","",[1]SS!AG16) -> 135 | AB13: =IF([1]流量!AF16="","",[1]流量!AF16) -> 2.0984557 | AC13: =IF([1]流量!AN16="","",[1]流量!AN16) -> 1.1195141 | AD13: =IF([1]氣體產量!AH16="","",[1]氣體產量!AH16) -> 0.3696256 | AE13: =IF([1]methane_yield!W16="","",[1]methane_yield!W16) -> 0.10339935 | AF13: =IF([1]methane_yield!AA16="","",[1]methane_yield!AA16) -> 0.10344423
... A111: 44945 | B111: 110 | C111: Daughter4_D110 | D111: =IF('[1]env-PLC'!S114="","",'[1]env-PLC'!S114) -> 33.209091 | E111: =IF('[1]env-PLC'!T114="","",'[1]env-PLC'!T114) -> 6.3909091 | F111: =IF('[1]env-PLC'!U114="","",'[1]env-PLC'!U114) -> -418.18182 | G111: =IF('[1]env-PLC'!V114="","",'[1]env-PLC'!V114) -> 58.1 | H111: =IF([1]鹼度!L114="","",[1]鹼度!L114) -> 1493.2 | I111: =IF([1]HPLC!CH114="","",[1]HPLC!CH114) -> 1.6341488 | J111: =IF([1]HPLC!CI114="","",[1]HPLC!CI114) -> 34.930189 | K111: =IF([1]HPLC!CJ114="","",[1]HPLC!CJ114) -> 297.80778 | L111: =IF([1]HPLC!CK114="","",[1]HPLC!CK114) -> 4.7770685 | M111: =IF([1]HPLC!CL114="","",[1]HPLC!CL114) -> 0 | N111: =IF([1]HPLC!CM114="","",[1]HPLC!CM114) -> 4.7426433 | O111: =IF([1]HPLC!CN114="","",[1]HPLC!CN114) -> 506.00625 | P111: =IF([1]HPLC!CO114="","",[1]HPLC!CO114) -> 570 | ... S111: =IF([1]HPLC!CR114="","",[1]HPLC!CR114) -> 74.553571 | T111: =IF([1]氣體產量!AC114="","",[1]氣體產量!AC114) -> 0.28184695 | U111: =IF('[1]GC-TCD'!BU114="","",'[1]GC-TCD'!BU114) -> 0 | V111: =IF('[1]GC-TCD'!BV114="","",'[1]GC-TCD'!BV114) -> 16.910723 | W111: =IF('[1]GC-TCD'!BW114="","",'[1]GC-TCD'!BW114) -> 56.382916 | X111: =IF('[1]GC-TCD'!BX114="","",'[1]GC-TCD'!BX114) -> 26.70636 | Y111: 365.927 | Z111: =IF([1]SS!AB114="","",[1]SS!AB114) -> 38750 | AA111: =IF([1]SS!AG114="","",[1]SS!AG114) -> 272 | AB111: =IF([1]流量!AF114="","",[1]流量!AF114) -> 2.0605601 | AC111: =IF([1]流量!AN114="","",[1]流量!AN114) -> 1.0742739 | AD111: =IF([1]氣體產量!AH114="","",[1]氣體產量!AH114) -> 0.15891353 | AE111: =IF([1]methane_yield!W114="","",[1]methane_yield!W114) -> 0.052369122 | AF111: =IF([1]methane_yield!AA114="","",[1]methane_yield!AA114) -> 0.054598196
